event_id,timestamp_utc,region,service,environment,transactions,avg_latency_ms,error_rate_pct,availability_pct,target_latency_ms,status
EVT-0001,2026-08-31T08:00:00Z,London,Payments API,Production,1223,251,0.64,99.59,300,Healthy
EVT-0002,2026-08-31T08:00:00Z,London,Client Portal,Staging,941,357,0.97,99.558,350,Watch
EVT-0003,2026-08-31T08:00:00Z,London,Reporting Engine,Production,779,385,0.95,99.474,450,Watch
EVT-0004,2026-08-31T08:00:00Z,Manchester,Payments API,Production,922,312,0.24,99.891,300,Watch
EVT-0005,2026-08-31T08:00:00Z,Manchester,Client Portal,Staging,624,307,1.25,99.377,350,Watch
EVT-0006,2026-08-31T08:00:00Z,Manchester,Reporting Engine,Production,1067,524,1.15,99.374,450,Watch
EVT-0007,2026-08-31T08:00:00Z,Bristol,Payments API,Staging,979,253,0.86,99.514,300,Healthy
EVT-0008,2026-08-31T08:00:00Z,Bristol,Client Portal,Staging,517,323,0.37,99.73,350,Healthy
EVT-0009,2026-08-31T08:00:00Z,Bristol,Reporting Engine,Production,817,471,0.77,99.612,450,Watch
EVT-0010,2026-08-31T08:00:00Z,Leeds,Payments API,Production,1155,263,1.0,99.484,300,Watch
EVT-0011,2026-08-31T08:00:00Z,Leeds,Client Portal,Production,917,324,1.23,99.337,350,Watch
EVT-0012,2026-08-31T08:00:00Z,Leeds,Reporting Engine,Production,766,400,0.61,99.657,450,Healthy
EVT-0013,2026-08-31T10:00:00Z,London,Payments API,Staging,1023,178,0.3,99.725,300,Healthy
EVT-0014,2026-08-31T10:00:00Z,London,Client Portal,Production,934,206,0.86,99.565,350,Healthy
EVT-0015,2026-08-31T10:00:00Z,London,Reporting Engine,Production,651,481,0.62,99.65,450,Watch
EVT-0016,2026-08-31T10:00:00Z,Manchester,Payments API,Staging,1063,310,0.61,99.681,300,Watch
EVT-0017,2026-08-31T10:00:00Z,Manchester,Client Portal,Production,1018,315,1.06,99.484,350,Watch
EVT-0018,2026-08-31T10:00:00Z,Manchester,Reporting Engine,Staging,702,403,0.79,99.636,450,Healthy
EVT-0019,2026-08-31T10:00:00Z,Bristol,Payments API,Production,971,204,0.45,99.729,300,Healthy
EVT-0020,2026-08-31T10:00:00Z,Bristol,Client Portal,Staging,309,338,0.65,99.553,350,Healthy
EVT-0021,2026-08-31T10:00:00Z,Bristol,Reporting Engine,Production,512,428,0.55,99.637,450,Healthy
EVT-0022,2026-08-31T10:00:00Z,Leeds,Payments API,Production,1018,237,0.69,99.518,300,Healthy
EVT-0023,2026-08-31T10:00:00Z,Leeds,Client Portal,Staging,991,311,1.11,99.344,350,Watch
EVT-0024,2026-08-31T10:00:00Z,Leeds,Reporting Engine,Production,622,515,0.46,99.765,450,Watch
EVT-0025,2026-08-31T12:00:00Z,London,Payments API,Production,1123,209,0.54,99.699,300,Healthy
EVT-0026,2026-08-31T12:00:00Z,London,Client Portal,Production,1114,355,0.52,99.616,350,Watch
EVT-0027,2026-08-31T12:00:00Z,London,Reporting Engine,Production,911,551,0.93,99.494,450,Watch
EVT-0028,2026-08-31T12:00:00Z,Manchester,Payments API,Production,1220,314,0.02,99.968,300,Watch
EVT-0029,2026-08-31T12:00:00Z,Manchester,Client Portal,Production,737,356,1.03,99.498,350,Watch
EVT-0030,2026-08-31T12:00:00Z,Manchester,Reporting Engine,Production,765,466,0.59,99.678,450,Watch
EVT-0031,2026-08-31T12:00:00Z,Bristol,Payments API,Staging,1044,302,0.39,99.784,300,Watch
EVT-0032,2026-08-31T12:00:00Z,Bristol,Client Portal,Production,669,397,0.68,99.654,350,Watch
EVT-0033,2026-08-31T12:00:00Z,Bristol,Reporting Engine,Production,685,488,1.33,99.389,450,Critical
EVT-0034,2026-08-31T12:00:00Z,Leeds,Payments API,Production,1139,265,0.36,99.814,300,Healthy
EVT-0035,2026-08-31T12:00:00Z,Leeds,Client Portal,Staging,692,339,0.93,99.547,350,Watch
EVT-0036,2026-08-31T12:00:00Z,Leeds,Reporting Engine,Production,609,415,0.94,99.493,450,Watch
EVT-0037,2026-08-31T14:00:00Z,London,Payments API,Production,741,225,0.81,99.574,300,Healthy
EVT-0038,2026-08-31T14:00:00Z,London,Client Portal,Staging,781,381,1.01,99.465,350,Watch
EVT-0039,2026-08-31T14:00:00Z,London,Reporting Engine,Production,914,459,1.11,99.345,450,Watch
EVT-0040,2026-08-31T14:00:00Z,Manchester,Payments API,Production,1851,297,0.93,99.431,300,Watch
EVT-0041,2026-08-31T14:00:00Z,Manchester,Client Portal,Staging,624,468,0.99,99.516,350,Watch
EVT-0042,2026-08-31T14:00:00Z,Manchester,Reporting Engine,Production,944,545,0.91,99.413,450,Watch
EVT-0043,2026-08-31T14:00:00Z,Bristol,Payments API,Production,1006,341,0.02,99.812,300,Watch
EVT-0044,2026-08-31T14:00:00Z,Bristol,Client Portal,Production,759,453,0.62,99.668,350,Watch
EVT-0045,2026-08-31T14:00:00Z,Bristol,Reporting Engine,Staging,673,461,0.8,99.535,450,Watch
EVT-0046,2026-08-31T14:00:00Z,Leeds,Payments API,Production,1263,300,0.4,99.647,300,Healthy
EVT-0047,2026-08-31T14:00:00Z,Leeds,Client Portal,Production,1003,409,0.69,99.668,350,Watch
EVT-0048,2026-08-31T14:00:00Z,Leeds,Reporting Engine,Staging,786,466,1.23,99.335,450,Watch
EVT-0049,2026-08-31T16:00:00Z,London,Payments API,Production,1090,168,0.75,99.534,300,Healthy
EVT-0050,2026-08-31T16:00:00Z,London,Client Portal,Production,567,273,1.09,99.456,350,Watch
EVT-0051,2026-08-31T16:00:00Z,London,Reporting Engine,Production,710,395,0.02,99.812,450,Healthy
EVT-0052,2026-08-31T16:00:00Z,Manchester,Payments API,Production,1232,292,0.79,99.477,300,Healthy
EVT-0053,2026-08-31T16:00:00Z,Manchester,Client Portal,Staging,661,351,1.13,99.365,350,Watch
EVT-0054,2026-08-31T16:00:00Z,Manchester,Reporting Engine,Production,1041,501,0.76,99.657,450,Watch
EVT-0055,2026-08-31T16:00:00Z,Bristol,Payments API,Staging,1453,240,0.71,99.66,300,Healthy
EVT-0056,2026-08-31T16:00:00Z,Bristol,Client Portal,Production,644,321,0.72,99.567,350,Healthy
EVT-0057,2026-08-31T16:00:00Z,Bristol,Reporting Engine,Production,1025,458,0.77,99.491,450,Watch
EVT-0058,2026-08-31T16:00:00Z,Leeds,Payments API,Staging,1358,297,0.73,99.622,300,Healthy
EVT-0059,2026-08-31T16:00:00Z,Leeds,Client Portal,Production,526,323,0.76,99.559,350,Healthy
EVT-0060,2026-08-31T16:00:00Z,Leeds,Reporting Engine,Production,851,499,0.81,99.477,450,Watch
EVT-0061,2026-08-31T18:00:00Z,London,Payments API,Staging,1104,133,0.39,99.802,300,Healthy
EVT-0062,2026-08-31T18:00:00Z,London,Client Portal,Production,1038,272,0.46,99.638,350,Healthy
EVT-0063,2026-08-31T18:00:00Z,London,Reporting Engine,Staging,912,403,1.24,99.283,450,Watch
EVT-0064,2026-08-31T18:00:00Z,Manchester,Payments API,Production,1124,297,0.42,99.644,300,Healthy
EVT-0065,2026-08-31T18:00:00Z,Manchester,Client Portal,Staging,731,401,0.85,99.485,350,Watch
EVT-0066,2026-08-31T18:00:00Z,Manchester,Reporting Engine,Production,1074,423,0.56,99.592,450,Healthy
EVT-0067,2026-08-31T18:00:00Z,Bristol,Payments API,Staging,1515,252,1.06,99.368,300,Watch
EVT-0068,2026-08-31T18:00:00Z,Bristol,Client Portal,Production,861,387,0.48,99.729,350,Watch
EVT-0069,2026-08-31T18:00:00Z,Bristol,Reporting Engine,Production,819,441,0.9,99.439,450,Watch
EVT-0070,2026-08-31T18:00:00Z,Leeds,Payments API,Staging,1153,283,1.0,99.478,300,Watch
EVT-0071,2026-08-31T18:00:00Z,Leeds,Client Portal,Staging,684,211,1.44,99.32,350,Critical
EVT-0072,2026-08-31T18:00:00Z,Leeds,Reporting Engine,Staging,772,504,0.95,99.494,450,Watch
EVT-0073,2026-09-01T08:00:00Z,London,Payments API,Production,1426,191,0.24,99.788,300,Healthy
EVT-0074,2026-09-01T08:00:00Z,London,Client Portal,Production,777,282,0.78,99.482,350,Healthy
EVT-0075,2026-09-01T08:00:00Z,London,Reporting Engine,Production,489,381,0.65,99.695,450,Healthy
EVT-0076,2026-09-01T08:00:00Z,Manchester,Payments API,Production,1125,212,0.79,99.492,300,Healthy
EVT-0077,2026-09-01T08:00:00Z,Manchester,Client Portal,Production,927,308,0.53,99.708,350,Healthy
EVT-0078,2026-09-01T08:00:00Z,Manchester,Reporting Engine,Production,405,455,1.16,99.356,450,Watch
EVT-0079,2026-09-01T08:00:00Z,Bristol,Payments API,Staging,1099,232,0.54,99.705,300,Healthy
EVT-0080,2026-09-01T08:00:00Z,Bristol,Client Portal,Production,550,330,0.58,99.655,350,Healthy
EVT-0081,2026-09-01T08:00:00Z,Bristol,Reporting Engine,Production,979,452,1.26,99.402,450,Watch
EVT-0082,2026-09-01T08:00:00Z,Leeds,Payments API,Production,946,198,0.51,99.71,300,Healthy
EVT-0083,2026-09-01T08:00:00Z,Leeds,Client Portal,Staging,511,315,0.83,99.622,350,Healthy
EVT-0084,2026-09-01T08:00:00Z,Leeds,Reporting Engine,Production,434,455,0.9,99.582,450,Watch
EVT-0085,2026-09-01T10:00:00Z,London,Payments API,Production,1114,195,0.43,99.763,300,Healthy
EVT-0086,2026-09-01T10:00:00Z,London,Client Portal,Production,1080,235,0.82,99.492,350,Healthy
EVT-0087,2026-09-01T10:00:00Z,London,Reporting Engine,Production,831,370,1.17,99.464,450,Watch
EVT-0088,2026-09-01T10:00:00Z,Manchester,Payments API,Production,1315,236,0.26,99.739,300,Healthy
EVT-0089,2026-09-01T10:00:00Z,Manchester,Client Portal,Production,762,380,1.44,99.242,350,Critical
EVT-0090,2026-09-01T10:00:00Z,Manchester,Reporting Engine,Production,441,401,0.78,99.55,450,Healthy
EVT-0091,2026-09-01T10:00:00Z,Bristol,Payments API,Staging,996,258,0.54,99.642,300,Healthy
EVT-0092,2026-09-01T10:00:00Z,Bristol,Client Portal,Production,530,364,0.74,99.618,350,Watch
EVT-0093,2026-09-01T10:00:00Z,Bristol,Reporting Engine,Production,920,432,0.63,99.692,450,Healthy
EVT-0094,2026-09-01T10:00:00Z,Leeds,Payments API,Production,1103,296,0.08,99.952,300,Healthy
EVT-0095,2026-09-01T10:00:00Z,Leeds,Client Portal,Production,731,270,0.89,99.437,350,Healthy
EVT-0096,2026-09-01T10:00:00Z,Leeds,Reporting Engine,Production,661,470,0.21,99.768,450,Watch
EVT-0097,2026-09-01T12:00:00Z,London,Payments API,Production,1206,327,0.56,99.576,300,Watch
EVT-0098,2026-09-01T12:00:00Z,London,Client Portal,Production,776,267,0.4,99.711,350,Healthy
EVT-0099,2026-09-01T12:00:00Z,London,Reporting Engine,Production,969,474,1.08,99.392,450,Watch
EVT-0100,2026-09-01T12:00:00Z,Manchester,Payments API,Production,1303,327,0.86,99.59,300,Watch
EVT-0101,2026-09-01T12:00:00Z,Manchester,Client Portal,Production,810,434,0.73,99.556,350,Watch
EVT-0102,2026-09-01T12:00:00Z,Manchester,Reporting Engine,Production,724,496,0.82,99.563,450,Watch
EVT-0103,2026-09-01T12:00:00Z,Bristol,Payments API,Production,1470,295,0.16,99.778,300,Healthy
EVT-0104,2026-09-01T12:00:00Z,Bristol,Client Portal,Production,811,452,0.83,99.529,350,Watch
EVT-0105,2026-09-01T12:00:00Z,Bristol,Reporting Engine,Staging,991,472,0.89,99.464,450,Watch
EVT-0106,2026-09-01T12:00:00Z,Leeds,Payments API,Staging,1211,251,0.61,99.698,300,Healthy
EVT-0107,2026-09-01T12:00:00Z,Leeds,Client Portal,Production,577,357,0.9,99.457,350,Watch
EVT-0108,2026-09-01T12:00:00Z,Leeds,Reporting Engine,Production,546,563,0.47,99.768,450,Watch
EVT-0109,2026-09-01T14:00:00Z,London,Payments API,Staging,1181,306,0.82,99.509,300,Watch
EVT-0110,2026-09-01T14:00:00Z,London,Client Portal,Staging,553,361,1.11,99.487,350,Watch
EVT-0111,2026-09-01T14:00:00Z,London,Reporting Engine,Production,720,450,0.89,99.491,450,Healthy
EVT-0112,2026-09-01T14:00:00Z,Manchester,Payments API,Production,1513,233,0.49,99.717,300,Healthy
EVT-0113,2026-09-01T14:00:00Z,Manchester,Client Portal,Production,935,353,0.46,99.645,350,Watch
EVT-0114,2026-09-01T14:00:00Z,Manchester,Reporting Engine,Production,1028,574,0.69,99.54,450,Watch
EVT-0115,2026-09-01T14:00:00Z,Bristol,Payments API,Production,1315,263,0.8,99.495,300,Healthy
EVT-0116,2026-09-01T14:00:00Z,Bristol,Client Portal,Production,589,392,0.84,99.49,350,Watch
EVT-0117,2026-09-01T14:00:00Z,Bristol,Reporting Engine,Production,508,561,1.37,99.34,450,Critical
EVT-0118,2026-09-01T14:00:00Z,Leeds,Payments API,Production,1065,363,0.35,99.837,300,Watch
EVT-0119,2026-09-01T14:00:00Z,Leeds,Client Portal,Staging,893,398,0.89,99.441,350,Watch
EVT-0120,2026-09-01T14:00:00Z,Leeds,Reporting Engine,Production,776,456,0.85,99.447,450,Watch
EVT-0121,2026-09-01T16:00:00Z,London,Payments API,Production,995,205,0.58,99.623,300,Healthy
EVT-0122,2026-09-01T16:00:00Z,London,Client Portal,Production,801,216,0.66,99.663,350,Healthy
EVT-0123,2026-09-01T16:00:00Z,London,Reporting Engine,Production,1003,374,0.41,99.739,450,Healthy
EVT-0124,2026-09-01T16:00:00Z,Manchester,Payments API,Production,1064,259,0.99,99.506,300,Watch
EVT-0125,2026-09-01T16:00:00Z,Manchester,Client Portal,Production,861,341,1.09,99.372,350,Watch
EVT-0126,2026-09-01T16:00:00Z,Manchester,Reporting Engine,Production,823,468,1.16,99.348,450,Watch
EVT-0127,2026-09-01T16:00:00Z,Bristol,Payments API,Staging,1177,224,0.72,99.635,300,Healthy
EVT-0128,2026-09-01T16:00:00Z,Bristol,Client Portal,Production,1002,347,0.84,99.573,350,Healthy
EVT-0129,2026-09-01T16:00:00Z,Bristol,Reporting Engine,Staging,688,374,1.25,99.349,450,Watch
EVT-0130,2026-09-01T16:00:00Z,Leeds,Payments API,Staging,1019,310,0.39,99.745,300,Watch
EVT-0131,2026-09-01T16:00:00Z,Leeds,Client Portal,Production,916,417,0.21,99.833,350,Watch
EVT-0132,2026-09-01T16:00:00Z,Leeds,Reporting Engine,Production,739,437,0.72,99.649,450,Healthy
EVT-0133,2026-09-01T18:00:00Z,London,Payments API,Production,1742,167,0.95,99.463,300,Watch
EVT-0134,2026-09-01T18:00:00Z,London,Client Portal,Production,813,337,1.18,99.388,350,Watch
EVT-0135,2026-09-01T18:00:00Z,London,Reporting Engine,Production,359,482,0.65,99.598,450,Watch
EVT-0136,2026-09-01T18:00:00Z,Manchester,Payments API,Production,1316,309,0.48,99.746,300,Watch
EVT-0137,2026-09-01T18:00:00Z,Manchester,Client Portal,Production,873,335,0.82,99.55,350,Healthy
EVT-0138,2026-09-01T18:00:00Z,Manchester,Reporting Engine,Production,747,431,1.02,99.414,450,Watch
EVT-0139,2026-09-01T18:00:00Z,Bristol,Payments API,Production,1278,194,1.05,99.415,300,Watch
EVT-0140,2026-09-01T18:00:00Z,Bristol,Client Portal,Production,953,294,0.66,99.605,350,Healthy
EVT-0141,2026-09-01T18:00:00Z,Bristol,Reporting Engine,Production,597,511,0.97,99.508,450,Watch
EVT-0142,2026-09-01T18:00:00Z,Leeds,Payments API,Production,1065,257,0.44,99.78,300,Healthy
EVT-0143,2026-09-01T18:00:00Z,Leeds,Client Portal,Production,371,282,0.43,99.792,350,Healthy
EVT-0144,2026-09-01T18:00:00Z,Leeds,Reporting Engine,Production,635,425,0.92,99.541,450,Watch
EVT-0145,2026-09-02T08:00:00Z,London,Payments API,Production,1119,298,0.02,99.811,300,Healthy
EVT-0146,2026-09-02T08:00:00Z,London,Client Portal,Production,774,235,0.89,99.463,350,Healthy
EVT-0147,2026-09-02T08:00:00Z,London,Reporting Engine,Production,454,337,0.98,99.445,450,Watch
EVT-0148,2026-09-02T08:00:00Z,Manchester,Payments API,Production,1340,304,0.71,99.621,300,Watch
EVT-0149,2026-09-02T08:00:00Z,Manchester,Client Portal,Production,654,345,0.71,99.51,350,Healthy
EVT-0150,2026-09-02T08:00:00Z,Manchester,Reporting Engine,Staging,591,395,0.69,99.633,450,Healthy
EVT-0151,2026-09-02T08:00:00Z,Bristol,Payments API,Production,1166,305,0.02,99.873,300,Watch
EVT-0152,2026-09-02T08:00:00Z,Bristol,Client Portal,Production,681,318,0.91,99.525,350,Watch
EVT-0153,2026-09-02T08:00:00Z,Bristol,Reporting Engine,Production,564,386,0.92,99.419,450,Watch
EVT-0154,2026-09-02T08:00:00Z,Leeds,Payments API,Production,1171,299,0.4,99.645,300,Healthy
EVT-0155,2026-09-02T08:00:00Z,Leeds,Client Portal,Production,885,317,0.41,99.799,350,Healthy
EVT-0156,2026-09-02T08:00:00Z,Leeds,Reporting Engine,Staging,951,407,0.61,99.704,450,Healthy
EVT-0157,2026-09-02T10:00:00Z,London,Payments API,Staging,1203,144,0.29,99.719,300,Healthy
EVT-0158,2026-09-02T10:00:00Z,London,Client Portal,Staging,789,283,1.2,99.391,350,Watch
EVT-0159,2026-09-02T10:00:00Z,London,Reporting Engine,Staging,761,303,0.97,99.421,450,Watch
EVT-0160,2026-09-02T10:00:00Z,Manchester,Payments API,Production,1396,223,0.4,99.672,300,Healthy
EVT-0161,2026-09-02T10:00:00Z,Manchester,Client Portal,Production,1008,302,1.17,99.447,350,Watch
EVT-0162,2026-09-02T10:00:00Z,Manchester,Reporting Engine,Production,652,430,1.14,99.389,450,Watch
EVT-0163,2026-09-02T10:00:00Z,Bristol,Payments API,Production,1305,247,0.41,99.773,300,Healthy
EVT-0164,2026-09-02T10:00:00Z,Bristol,Client Portal,Production,1066,275,0.94,99.45,350,Watch
EVT-0165,2026-09-02T10:00:00Z,Bristol,Reporting Engine,Staging,954,390,1.19,99.375,450,Watch
EVT-0166,2026-09-02T10:00:00Z,Leeds,Payments API,Production,960,131,0.54,99.6,300,Healthy
EVT-0167,2026-09-02T10:00:00Z,Leeds,Client Portal,Staging,861,264,0.31,99.787,350,Healthy
EVT-0168,2026-09-02T10:00:00Z,Leeds,Reporting Engine,Production,895,444,1.1,99.331,450,Watch
EVT-0169,2026-09-02T12:00:00Z,London,Payments API,Production,956,262,0.92,99.431,300,Watch
EVT-0170,2026-09-02T12:00:00Z,London,Client Portal,Production,663,284,1.27,99.292,350,Watch
EVT-0171,2026-09-02T12:00:00Z,London,Reporting Engine,Staging,795,482,0.31,99.681,450,Watch
EVT-0172,2026-09-02T12:00:00Z,Manchester,Payments API,Production,1125,246,0.61,99.611,300,Healthy
EVT-0173,2026-09-02T12:00:00Z,Manchester,Client Portal,Staging,876,325,0.88,99.461,350,Healthy
EVT-0174,2026-09-02T12:00:00Z,Manchester,Reporting Engine,Production,709,492,0.93,99.486,450,Watch
EVT-0175,2026-09-02T12:00:00Z,Bristol,Payments API,Production,1094,337,1.12,99.384,300,Watch
EVT-0176,2026-09-02T12:00:00Z,Bristol,Client Portal,Production,865,443,0.71,99.597,350,Watch
EVT-0177,2026-09-02T12:00:00Z,Bristol,Reporting Engine,Production,805,510,1.03,99.415,450,Watch
EVT-0178,2026-09-02T12:00:00Z,Leeds,Payments API,Production,1045,224,0.66,99.597,300,Healthy
EVT-0179,2026-09-02T12:00:00Z,Leeds,Client Portal,Production,843,355,0.92,99.517,350,Watch
EVT-0180,2026-09-02T12:00:00Z,Leeds,Reporting Engine,Production,799,470,1.22,99.348,450,Watch
EVT-0181,2026-09-02T14:00:00Z,London,Payments API,Staging,1677,250,0.41,99.714,300,Healthy
EVT-0182,2026-09-02T14:00:00Z,London,Client Portal,Production,778,325,0.7,99.576,350,Healthy
EVT-0183,2026-09-02T14:00:00Z,London,Reporting Engine,Production,696,495,0.93,99.518,450,Watch
EVT-0184,2026-09-02T14:00:00Z,Manchester,Payments API,Production,1004,261,0.22,99.771,300,Healthy
EVT-0185,2026-09-02T14:00:00Z,Manchester,Client Portal,Production,565,423,1.18,99.413,350,Watch
EVT-0186,2026-09-02T14:00:00Z,Manchester,Reporting Engine,Production,524,463,0.55,99.736,450,Watch
EVT-0187,2026-09-02T14:00:00Z,Bristol,Payments API,Production,1088,330,0.82,99.456,300,Watch
EVT-0188,2026-09-02T14:00:00Z,Bristol,Client Portal,Production,1070,441,0.49,99.733,350,Watch
EVT-0189,2026-09-02T14:00:00Z,Bristol,Reporting Engine,Staging,817,429,0.79,99.624,450,Healthy
EVT-0190,2026-09-02T14:00:00Z,Leeds,Payments API,Staging,1497,274,1.2,99.305,300,Watch
EVT-0191,2026-09-02T14:00:00Z,Leeds,Client Portal,Production,721,502,0.9,99.453,350,Watch
EVT-0192,2026-09-02T14:00:00Z,Leeds,Reporting Engine,Production,587,455,0.72,99.555,450,Watch
EVT-0193,2026-09-02T16:00:00Z,London,Payments API,Production,1030,143,0.69,99.647,300,Healthy
EVT-0194,2026-09-02T16:00:00Z,London,Client Portal,Production,953,277,0.53,99.597,350,Healthy
EVT-0195,2026-09-02T16:00:00Z,London,Reporting Engine,Production,910,472,1.03,99.463,450,Watch
EVT-0196,2026-09-02T16:00:00Z,Manchester,Payments API,Production,1345,229,0.46,99.704,300,Healthy
EVT-0197,2026-09-02T16:00:00Z,Manchester,Client Portal,Production,717,338,0.34,99.713,350,Healthy
EVT-0198,2026-09-02T16:00:00Z,Manchester,Reporting Engine,Staging,521,449,1.06,99.495,450,Watch
EVT-0199,2026-09-02T16:00:00Z,Bristol,Payments API,Production,1322,302,0.02,99.985,300,Watch
EVT-0200,2026-09-02T16:00:00Z,Bristol,Client Portal,Production,366,390,1.07,99.365,350,Watch
EVT-0201,2026-09-02T16:00:00Z,Bristol,Reporting Engine,Production,572,418,1.1,99.433,450,Watch
EVT-0202,2026-09-02T16:00:00Z,Leeds,Payments API,Production,1451,239,0.98,99.477,300,Watch
EVT-0203,2026-09-02T16:00:00Z,Leeds,Client Portal,Production,591,277,1.36,99.344,350,Critical
EVT-0204,2026-09-02T16:00:00Z,Leeds,Reporting Engine,Production,718,436,0.75,99.525,450,Healthy
EVT-0205,2026-09-02T18:00:00Z,London,Payments API,Production,1555,234,0.46,99.631,300,Healthy
EVT-0206,2026-09-02T18:00:00Z,London,Client Portal,Production,843,307,0.66,99.68,350,Healthy
EVT-0207,2026-09-02T18:00:00Z,London,Reporting Engine,Production,1016,425,0.85,99.475,450,Healthy
EVT-0208,2026-09-02T18:00:00Z,Manchester,Payments API,Production,1150,251,0.73,99.662,300,Healthy
EVT-0209,2026-09-02T18:00:00Z,Manchester,Client Portal,Production,731,247,0.25,99.795,350,Healthy
EVT-0210,2026-09-02T18:00:00Z,Manchester,Reporting Engine,Production,346,442,0.78,99.641,450,Healthy
EVT-0211,2026-09-02T18:00:00Z,Bristol,Payments API,Production,1038,297,0.02,99.98,300,Healthy
EVT-0212,2026-09-02T18:00:00Z,Bristol,Client Portal,Production,557,360,1.08,99.426,350,Watch
EVT-0213,2026-09-02T18:00:00Z,Bristol,Reporting Engine,Staging,813,457,0.71,99.631,450,Watch
EVT-0214,2026-09-02T18:00:00Z,Leeds,Payments API,Production,1048,235,0.47,99.609,300,Healthy
EVT-0215,2026-09-02T18:00:00Z,Leeds,Client Portal,Production,850,256,1.2,99.306,350,Watch
EVT-0216,2026-09-02T18:00:00Z,Leeds,Reporting Engine,Production,814,466,0.29,99.831,450,Watch
EVT-0217,2026-09-03T08:00:00Z,London,Payments API,Production,1362,221,0.23,99.879,300,Healthy
EVT-0218,2026-09-03T08:00:00Z,London,Client Portal,Production,691,298,0.53,99.734,350,Healthy
EVT-0219,2026-09-03T08:00:00Z,London,Reporting Engine,Staging,919,473,0.92,99.453,450,Watch
EVT-0220,2026-09-03T08:00:00Z,Manchester,Payments API,Staging,976,261,0.4,99.719,300,Healthy
EVT-0221,2026-09-03T08:00:00Z,Manchester,Client Portal,Production,897,350,0.53,99.605,350,Healthy
EVT-0222,2026-09-03T08:00:00Z,Manchester,Reporting Engine,Production,1019,365,0.71,99.617,450,Healthy
EVT-0223,2026-09-03T08:00:00Z,Bristol,Payments API,Production,1456,275,0.57,99.591,300,Healthy
EVT-0224,2026-09-03T08:00:00Z,Bristol,Client Portal,Production,799,351,0.38,99.684,350,Watch
EVT-0225,2026-09-03T08:00:00Z,Bristol,Reporting Engine,Staging,727,522,0.45,99.793,450,Watch
EVT-0226,2026-09-03T08:00:00Z,Leeds,Payments API,Staging,1268,203,0.33,99.819,300,Healthy
EVT-0227,2026-09-03T08:00:00Z,Leeds,Client Portal,Production,933,300,1.45,99.246,350,Critical
EVT-0228,2026-09-03T08:00:00Z,Leeds,Reporting Engine,Production,940,428,1.15,99.477,450,Watch
EVT-0229,2026-09-03T10:00:00Z,London,Payments API,Production,1383,225,0.38,99.699,300,Healthy
EVT-0230,2026-09-03T10:00:00Z,London,Client Portal,Production,711,321,0.74,99.658,350,Healthy
EVT-0231,2026-09-03T10:00:00Z,London,Reporting Engine,Production,598,345,0.73,99.584,450,Healthy
EVT-0232,2026-09-03T10:00:00Z,Manchester,Payments API,Production,1156,316,1.08,99.494,300,Watch
EVT-0233,2026-09-03T10:00:00Z,Manchester,Client Portal,Production,1045,306,0.33,99.843,350,Healthy
EVT-0234,2026-09-03T10:00:00Z,Manchester,Reporting Engine,Production,762,436,0.78,99.595,450,Healthy
EVT-0235,2026-09-03T10:00:00Z,Bristol,Payments API,Production,1305,282,0.53,99.627,300,Healthy
EVT-0236,2026-09-03T10:00:00Z,Bristol,Client Portal,Production,575,335,1.14,99.397,350,Watch
EVT-0237,2026-09-03T10:00:00Z,Bristol,Reporting Engine,Staging,715,446,0.86,99.61,450,Healthy
EVT-0238,2026-09-03T10:00:00Z,Leeds,Payments API,Staging,1353,235,0.23,99.793,300,Healthy
EVT-0239,2026-09-03T10:00:00Z,Leeds,Client Portal,Production,824,296,1.08,99.37,350,Watch
EVT-0240,2026-09-03T10:00:00Z,Leeds,Reporting Engine,Production,979,430,0.17,99.908,450,Healthy
EVT-0241,2026-09-03T12:00:00Z,London,Payments API,Staging,1440,288,0.23,99.841,300,Healthy
EVT-0242,2026-09-03T12:00:00Z,London,Client Portal,Production,726,348,0.97,99.472,350,Watch
EVT-0243,2026-09-03T12:00:00Z,London,Reporting Engine,Production,756,367,0.5,99.628,450,Healthy
EVT-0244,2026-09-03T12:00:00Z,Manchester,Payments API,Staging,1209,379,0.73,99.636,300,Watch
EVT-0245,2026-09-03T12:00:00Z,Manchester,Client Portal,Production,518,394,1.04,99.443,350,Watch
EVT-0246,2026-09-03T12:00:00Z,Manchester,Reporting Engine,Production,792,570,0.45,99.631,450,Watch
EVT-0247,2026-09-03T12:00:00Z,Bristol,Payments API,Production,1011,288,0.85,99.59,300,Healthy
EVT-0248,2026-09-03T12:00:00Z,Bristol,Client Portal,Production,637,352,0.9,99.546,350,Watch
EVT-0249,2026-09-03T12:00:00Z,Bristol,Reporting Engine,Production,773,471,0.7,99.535,450,Watch
EVT-0250,2026-09-03T12:00:00Z,Leeds,Payments API,Production,1433,320,0.08,99.853,300,Watch
EVT-0251,2026-09-03T12:00:00Z,Leeds,Client Portal,Production,833,329,0.98,99.478,350,Watch
EVT-0252,2026-09-03T12:00:00Z,Leeds,Reporting Engine,Staging,688,403,0.57,99.658,450,Healthy
EVT-0253,2026-09-03T14:00:00Z,London,Payments API,Production,1232,304,0.79,99.516,300,Watch
EVT-0254,2026-09-03T14:00:00Z,London,Client Portal,Production,844,331,1.01,99.467,350,Watch
EVT-0255,2026-09-03T14:00:00Z,London,Reporting Engine,Production,765,439,0.62,99.647,450,Healthy
EVT-0256,2026-09-03T14:00:00Z,Manchester,Payments API,Production,941,346,0.22,99.784,300,Watch
EVT-0257,2026-09-03T14:00:00Z,Manchester,Client Portal,Production,932,446,0.69,99.571,350,Watch
EVT-0258,2026-09-03T14:00:00Z,Manchester,Reporting Engine,Staging,893,571,0.59,99.63,450,Watch
EVT-0259,2026-09-03T14:00:00Z,Bristol,Payments API,Production,1582,261,0.45,99.69,300,Healthy
EVT-0260,2026-09-03T14:00:00Z,Bristol,Client Portal,Staging,716,357,1.09,99.367,350,Watch
EVT-0261,2026-09-03T14:00:00Z,Bristol,Reporting Engine,Staging,483,469,0.77,99.559,450,Watch
EVT-0262,2026-09-03T14:00:00Z,Leeds,Payments API,Production,1049,247,0.69,99.624,300,Healthy
EVT-0263,2026-09-03T14:00:00Z,Leeds,Client Portal,Production,1206,409,0.57,99.719,350,Watch
EVT-0264,2026-09-03T14:00:00Z,Leeds,Reporting Engine,Production,826,498,0.68,99.555,450,Watch
EVT-0265,2026-09-03T16:00:00Z,London,Payments API,Staging,1167,224,0.27,99.855,300,Healthy
EVT-0266,2026-09-03T16:00:00Z,London,Client Portal,Production,958,351,1.31,99.272,350,Critical
EVT-0267,2026-09-03T16:00:00Z,London,Reporting Engine,Staging,947,419,0.39,99.782,450,Healthy
EVT-0268,2026-09-03T16:00:00Z,Manchester,Payments API,Production,1135,286,1.07,99.438,300,Watch
EVT-0269,2026-09-03T16:00:00Z,Manchester,Client Portal,Production,1085,290,0.2,99.844,350,Healthy
EVT-0270,2026-09-03T16:00:00Z,Manchester,Reporting Engine,Staging,979,447,0.77,99.603,450,Healthy
EVT-0271,2026-09-03T16:00:00Z,Bristol,Payments API,Production,1120,145,0.78,99.624,300,Healthy
EVT-0272,2026-09-03T16:00:00Z,Bristol,Client Portal,Production,549,256,0.29,99.77,350,Healthy
EVT-0273,2026-09-03T16:00:00Z,Bristol,Reporting Engine,Production,491,490,0.68,99.645,450,Watch
EVT-0274,2026-09-03T16:00:00Z,Leeds,Payments API,Staging,1316,320,0.82,99.461,300,Watch
EVT-0275,2026-09-03T16:00:00Z,Leeds,Client Portal,Production,830,275,0.9,99.505,350,Watch
EVT-0276,2026-09-03T16:00:00Z,Leeds,Reporting Engine,Production,954,427,0.79,99.639,450,Healthy
EVT-0277,2026-09-03T18:00:00Z,London,Payments API,Staging,979,250,0.59,99.683,300,Healthy
EVT-0278,2026-09-03T18:00:00Z,London,Client Portal,Staging,747,261,0.64,99.585,350,Healthy
EVT-0279,2026-09-03T18:00:00Z,London,Reporting Engine,Production,782,413,0.78,99.55,450,Healthy
EVT-0280,2026-09-03T18:00:00Z,Manchester,Payments API,Production,1114,335,0.52,99.714,300,Watch
EVT-0281,2026-09-03T18:00:00Z,Manchester,Client Portal,Production,836,365,0.9,99.575,350,Watch
EVT-0282,2026-09-03T18:00:00Z,Manchester,Reporting Engine,Staging,753,382,0.77,99.561,450,Healthy
EVT-0283,2026-09-03T18:00:00Z,Bristol,Payments API,Production,1350,290,0.37,99.759,300,Healthy
EVT-0284,2026-09-03T18:00:00Z,Bristol,Client Portal,Production,1199,308,1.24,99.43,350,Watch
EVT-0285,2026-09-03T18:00:00Z,Bristol,Reporting Engine,Production,755,306,0.5,99.69,450,Healthy
EVT-0286,2026-09-03T18:00:00Z,Leeds,Payments API,Production,1337,230,0.52,99.763,300,Healthy
EVT-0287,2026-09-03T18:00:00Z,Leeds,Client Portal,Production,1022,274,0.42,99.679,350,Healthy
EVT-0288,2026-09-03T18:00:00Z,Leeds,Reporting Engine,Production,997,369,0.91,99.444,450,Watch
EVT-0289,2026-09-04T08:00:00Z,London,Payments API,Production,1002,224,0.4,99.674,300,Healthy
EVT-0290,2026-09-04T08:00:00Z,London,Client Portal,Production,813,225,0.45,99.745,350,Healthy
EVT-0291,2026-09-04T08:00:00Z,London,Reporting Engine,Production,830,399,1.15,99.304,450,Watch
EVT-0292,2026-09-04T08:00:00Z,Manchester,Payments API,Production,1194,228,1.09,99.475,300,Watch
EVT-0293,2026-09-04T08:00:00Z,Manchester,Client Portal,Production,426,337,0.72,99.61,350,Healthy
EVT-0294,2026-09-04T08:00:00Z,Manchester,Reporting Engine,Staging,764,450,0.12,99.876,450,Healthy
EVT-0295,2026-09-04T08:00:00Z,Bristol,Payments API,Staging,1205,207,0.89,99.455,300,Healthy
EVT-0296,2026-09-04T08:00:00Z,Bristol,Client Portal,Production,995,305,1.01,99.397,350,Watch
EVT-0297,2026-09-04T08:00:00Z,Bristol,Reporting Engine,Production,846,432,0.65,99.599,450,Healthy
EVT-0298,2026-09-04T08:00:00Z,Leeds,Payments API,Production,1138,212,0.27,99.871,300,Healthy
EVT-0299,2026-09-04T08:00:00Z,Leeds,Client Portal,Staging,1291,219,0.66,99.532,350,Healthy
EVT-0300,2026-09-04T08:00:00Z,Leeds,Reporting Engine,Production,669,549,0.57,99.599,450,Watch
EVT-0301,2026-09-04T10:00:00Z,London,Payments API,Production,1171,239,0.11,99.944,300,Healthy
EVT-0302,2026-09-04T10:00:00Z,London,Client Portal,Production,811,236,0.5,99.706,350,Healthy
EVT-0303,2026-09-04T10:00:00Z,London,Reporting Engine,Production,614,341,1.09,99.372,450,Watch
EVT-0304,2026-09-04T10:00:00Z,Manchester,Payments API,Production,1022,236,0.49,99.663,300,Healthy
EVT-0305,2026-09-04T10:00:00Z,Manchester,Client Portal,Production,972,376,0.48,99.683,350,Watch
EVT-0306,2026-09-04T10:00:00Z,Manchester,Reporting Engine,Production,767,430,1.15,99.303,450,Watch
EVT-0307,2026-09-04T10:00:00Z,Bristol,Payments API,Production,1095,305,1.0,99.469,300,Watch
EVT-0308,2026-09-04T10:00:00Z,Bristol,Client Portal,Staging,707,391,0.85,99.495,350,Watch
EVT-0309,2026-09-04T10:00:00Z,Bristol,Reporting Engine,Staging,931,422,1.17,99.313,450,Watch
EVT-0310,2026-09-04T10:00:00Z,Leeds,Payments API,Staging,1102,267,0.02,99.876,300,Healthy
EVT-0311,2026-09-04T10:00:00Z,Leeds,Client Portal,Production,775,292,0.85,99.475,350,Healthy
EVT-0312,2026-09-04T10:00:00Z,Leeds,Reporting Engine,Production,617,448,0.7,99.54,450,Healthy
EVT-0313,2026-09-04T12:00:00Z,London,Payments API,Production,1151,270,0.09,99.83,300,Healthy
EVT-0314,2026-09-04T12:00:00Z,London,Client Portal,Production,820,521,0.21,99.892,350,Watch
EVT-0315,2026-09-04T12:00:00Z,London,Reporting Engine,Staging,627,434,0.67,99.54,450,Healthy
EVT-0316,2026-09-04T12:00:00Z,Manchester,Payments API,Production,1127,283,0.39,99.651,300,Healthy
EVT-0317,2026-09-04T12:00:00Z,Manchester,Client Portal,Production,748,403,0.93,99.552,350,Watch
EVT-0318,2026-09-04T12:00:00Z,Manchester,Reporting Engine,Production,738,518,0.51,99.601,450,Watch
EVT-0319,2026-09-04T12:00:00Z,Bristol,Payments API,Staging,1087,349,0.28,99.851,300,Watch
EVT-0320,2026-09-04T12:00:00Z,Bristol,Client Portal,Production,572,357,0.72,99.646,350,Watch
EVT-0321,2026-09-04T12:00:00Z,Bristol,Reporting Engine,Staging,998,547,0.72,99.524,450,Watch
EVT-0322,2026-09-04T12:00:00Z,Leeds,Payments API,Production,1220,255,0.48,99.776,300,Healthy
EVT-0323,2026-09-04T12:00:00Z,Leeds,Client Portal,Production,659,327,0.84,99.507,350,Healthy
EVT-0324,2026-09-04T12:00:00Z,Leeds,Reporting Engine,Production,676,449,0.61,99.553,450,Healthy
EVT-0325,2026-09-04T14:00:00Z,London,Payments API,Production,942,308,0.51,99.76,300,Watch
EVT-0326,2026-09-04T14:00:00Z,London,Client Portal,Production,659,372,0.82,99.522,350,Watch
EVT-0327,2026-09-04T14:00:00Z,London,Reporting Engine,Production,493,451,1.36,99.364,450,Critical
EVT-0328,2026-09-04T14:00:00Z,Manchester,Payments API,Production,1054,226,0.44,99.718,300,Healthy
EVT-0329,2026-09-04T14:00:00Z,Manchester,Client Portal,Production,861,390,0.72,99.565,350,Watch
EVT-0330,2026-09-04T14:00:00Z,Manchester,Reporting Engine,Production,850,543,0.66,99.644,450,Watch
EVT-0331,2026-09-04T14:00:00Z,Bristol,Payments API,Production,1482,301,0.17,99.834,300,Watch
EVT-0332,2026-09-04T14:00:00Z,Bristol,Client Portal,Production,1209,401,0.91,99.5,350,Watch
EVT-0333,2026-09-04T14:00:00Z,Bristol,Reporting Engine,Staging,944,519,1.16,99.319,450,Watch
EVT-0334,2026-09-04T14:00:00Z,Leeds,Payments API,Production,981,331,0.62,99.569,300,Watch
EVT-0335,2026-09-04T14:00:00Z,Leeds,Client Portal,Production,585,439,0.83,99.554,350,Watch
EVT-0336,2026-09-04T14:00:00Z,Leeds,Reporting Engine,Production,858,452,1.18,99.456,450,Watch
EVT-0337,2026-09-04T16:00:00Z,London,Payments API,Production,1055,218,1.03,99.515,300,Watch
EVT-0338,2026-09-04T16:00:00Z,London,Client Portal,Staging,528,280,1.15,99.421,350,Watch
EVT-0339,2026-09-04T16:00:00Z,London,Reporting Engine,Staging,660,396,0.42,99.803,450,Healthy
EVT-0340,2026-09-04T16:00:00Z,Manchester,Payments API,Production,1098,247,0.86,99.531,300,Healthy
EVT-0341,2026-09-04T16:00:00Z,Manchester,Client Portal,Production,764,280,0.66,99.525,350,Healthy
EVT-0342,2026-09-04T16:00:00Z,Manchester,Reporting Engine,Production,730,413,1.08,99.365,450,Watch
EVT-0343,2026-09-04T16:00:00Z,Bristol,Payments API,Production,1053,250,0.67,99.577,300,Healthy
EVT-0344,2026-09-04T16:00:00Z,Bristol,Client Portal,Staging,502,290,0.51,99.64,350,Healthy
EVT-0345,2026-09-04T16:00:00Z,Bristol,Reporting Engine,Production,814,490,1.35,99.253,450,Critical
EVT-0346,2026-09-04T16:00:00Z,Leeds,Payments API,Production,1157,229,0.13,99.911,300,Healthy
EVT-0347,2026-09-04T16:00:00Z,Leeds,Client Portal,Production,544,252,1.09,99.504,350,Watch
EVT-0348,2026-09-04T16:00:00Z,Leeds,Reporting Engine,Staging,807,479,0.84,99.566,450,Watch
EVT-0349,2026-09-04T18:00:00Z,London,Payments API,Production,1028,198,0.66,99.546,300,Healthy
EVT-0350,2026-09-04T18:00:00Z,London,Client Portal,Production,871,185,0.87,99.571,350,Healthy
EVT-0351,2026-09-04T18:00:00Z,London,Reporting Engine,Production,593,366,0.72,99.512,450,Healthy
EVT-0352,2026-09-04T18:00:00Z,Manchester,Payments API,Production,1011,276,0.99,99.425,300,Watch
EVT-0353,2026-09-04T18:00:00Z,Manchester,Client Portal,Production,548,298,0.89,99.499,350,Healthy
EVT-0354,2026-09-04T18:00:00Z,Manchester,Reporting Engine,Production,929,462,0.75,99.61,450,Watch
EVT-0355,2026-09-04T18:00:00Z,Bristol,Payments API,Production,1049,249,0.12,99.803,300,Healthy
EVT-0356,2026-09-04T18:00:00Z,Bristol,Client Portal,Production,975,415,1.13,99.423,350,Watch
EVT-0357,2026-09-04T18:00:00Z,Bristol,Reporting Engine,Staging,373,487,0.89,99.548,450,Watch
EVT-0358,2026-09-04T18:00:00Z,Leeds,Payments API,Production,1089,210,0.83,99.58,300,Healthy
EVT-0359,2026-09-04T18:00:00Z,Leeds,Client Portal,Production,994,332,1.25,99.413,350,Watch
EVT-0360,2026-09-04T18:00:00Z,Leeds,Reporting Engine,Production,665,397,0.68,99.573,450,Healthy
EVT-0361,2026-09-05T08:00:00Z,London,Payments API,Production,1155,205,0.11,99.932,300,Healthy
EVT-0362,2026-09-05T08:00:00Z,London,Client Portal,Production,1007,322,0.81,99.468,350,Healthy
EVT-0363,2026-09-05T08:00:00Z,London,Reporting Engine,Production,633,480,0.59,99.561,450,Watch
EVT-0364,2026-09-05T08:00:00Z,Manchester,Payments API,Production,961,254,0.02,99.975,300,Healthy
EVT-0365,2026-09-05T08:00:00Z,Manchester,Client Portal,Production,717,250,1.45,99.316,350,Critical
EVT-0366,2026-09-05T08:00:00Z,Manchester,Reporting Engine,Staging,962,391,1.44,99.173,450,Critical
EVT-0367,2026-09-05T08:00:00Z,Bristol,Payments API,Production,1212,154,1.26,99.275,300,Watch
EVT-0368,2026-09-05T08:00:00Z,Bristol,Client Portal,Production,702,306,0.74,99.49,350,Healthy
EVT-0369,2026-09-05T08:00:00Z,Bristol,Reporting Engine,Production,765,496,0.04,99.829,450,Watch
EVT-0370,2026-09-05T08:00:00Z,Leeds,Payments API,Production,1231,249,0.7,99.656,300,Healthy
EVT-0371,2026-09-05T08:00:00Z,Leeds,Client Portal,Production,895,314,0.75,99.56,350,Healthy
EVT-0372,2026-09-05T08:00:00Z,Leeds,Reporting Engine,Production,940,346,1.36,99.227,450,Critical
EVT-0373,2026-09-05T10:00:00Z,London,Payments API,Staging,1193,196,0.45,99.772,300,Healthy
EVT-0374,2026-09-05T10:00:00Z,London,Client Portal,Production,782,260,1.05,99.485,350,Watch
EVT-0375,2026-09-05T10:00:00Z,London,Reporting Engine,Production,737,432,0.79,99.527,450,Healthy
EVT-0376,2026-09-05T10:00:00Z,Manchester,Payments API,Production,1284,243,0.61,99.67,300,Healthy
EVT-0377,2026-09-05T10:00:00Z,Manchester,Client Portal,Production,774,224,0.72,99.655,350,Healthy
EVT-0378,2026-09-05T10:00:00Z,Manchester,Reporting Engine,Staging,711,393,1.22,99.412,450,Watch
EVT-0379,2026-09-05T10:00:00Z,Bristol,Payments API,Production,1445,303,0.29,99.771,300,Watch
EVT-0380,2026-09-05T10:00:00Z,Bristol,Client Portal,Production,521,301,0.69,99.65,350,Healthy
EVT-0381,2026-09-05T10:00:00Z,Bristol,Reporting Engine,Production,414,443,1.1,99.378,450,Watch
EVT-0382,2026-09-05T10:00:00Z,Leeds,Payments API,Production,1141,269,0.51,99.672,300,Healthy
EVT-0383,2026-09-05T10:00:00Z,Leeds,Client Portal,Production,735,292,0.62,99.7,350,Healthy
EVT-0384,2026-09-05T10:00:00Z,Leeds,Reporting Engine,Production,712,473,0.73,99.58,450,Watch
EVT-0385,2026-09-05T12:00:00Z,London,Payments API,Staging,1262,233,0.44,99.719,300,Healthy
EVT-0386,2026-09-05T12:00:00Z,London,Client Portal,Staging,750,359,0.48,99.637,350,Watch
EVT-0387,2026-09-05T12:00:00Z,London,Reporting Engine,Production,754,453,0.73,99.493,450,Watch
EVT-0388,2026-09-05T12:00:00Z,Manchester,Payments API,Staging,1581,334,0.86,99.607,300,Watch
EVT-0389,2026-09-05T12:00:00Z,Manchester,Client Portal,Production,475,399,1.26,99.357,350,Watch
EVT-0390,2026-09-05T12:00:00Z,Manchester,Reporting Engine,Staging,511,491,1.23,99.283,450,Watch
EVT-0391,2026-09-05T12:00:00Z,Bristol,Payments API,Production,958,303,0.1,99.892,300,Watch
EVT-0392,2026-09-05T12:00:00Z,Bristol,Client Portal,Production,565,384,0.71,99.549,350,Watch
EVT-0393,2026-09-05T12:00:00Z,Bristol,Reporting Engine,Production,781,520,0.66,99.605,450,Watch
EVT-0394,2026-09-05T12:00:00Z,Leeds,Payments API,Production,1260,379,0.33,99.789,300,Watch
EVT-0395,2026-09-05T12:00:00Z,Leeds,Client Portal,Production,669,452,1.24,99.367,350,Watch
EVT-0396,2026-09-05T12:00:00Z,Leeds,Reporting Engine,Production,804,548,0.76,99.621,450,Watch
EVT-0397,2026-09-05T14:00:00Z,London,Payments API,Production,1251,344,0.52,99.633,300,Watch
EVT-0398,2026-09-05T14:00:00Z,London,Client Portal,Production,792,341,1.02,99.386,350,Watch
EVT-0399,2026-09-05T14:00:00Z,London,Reporting Engine,Production,776,428,1.01,99.488,450,Watch
EVT-0400,2026-09-05T14:00:00Z,Manchester,Payments API,Production,1126,253,0.3,99.811,300,Healthy
EVT-0401,2026-09-05T14:00:00Z,Manchester,Client Portal,Production,672,373,0.76,99.487,350,Watch
EVT-0402,2026-09-05T14:00:00Z,Manchester,Reporting Engine,Staging,994,515,0.56,99.671,450,Watch
EVT-0403,2026-09-05T14:00:00Z,Bristol,Payments API,Production,1126,436,0.28,99.817,300,Watch
EVT-0404,2026-09-05T14:00:00Z,Bristol,Client Portal,Production,884,330,1.05,99.392,350,Watch
EVT-0405,2026-09-05T14:00:00Z,Bristol,Reporting Engine,Production,656,532,0.65,99.543,450,Watch
EVT-0406,2026-09-05T14:00:00Z,Leeds,Payments API,Production,1425,236,0.47,99.764,300,Healthy
EVT-0407,2026-09-05T14:00:00Z,Leeds,Client Portal,Production,1029,404,1.35,99.376,350,Critical
EVT-0408,2026-09-05T14:00:00Z,Leeds,Reporting Engine,Production,832,454,1.04,99.411,450,Watch
EVT-0409,2026-09-05T16:00:00Z,London,Payments API,Production,1117,235,0.59,99.634,300,Healthy
EVT-0410,2026-09-05T16:00:00Z,London,Client Portal,Production,890,213,0.59,99.562,350,Healthy
EVT-0411,2026-09-05T16:00:00Z,London,Reporting Engine,Production,603,501,1.73,99.135,450,Critical
EVT-0412,2026-09-05T16:00:00Z,Manchester,Payments API,Production,1104,369,0.42,99.646,300,Watch
EVT-0413,2026-09-05T16:00:00Z,Manchester,Client Portal,Production,606,327,0.5,99.728,350,Healthy
EVT-0414,2026-09-05T16:00:00Z,Manchester,Reporting Engine,Production,698,421,0.8,99.463,450,Healthy
EVT-0415,2026-09-05T16:00:00Z,Bristol,Payments API,Production,863,313,0.32,99.755,300,Watch
EVT-0416,2026-09-05T16:00:00Z,Bristol,Client Portal,Production,865,364,1.0,99.382,350,Watch
EVT-0417,2026-09-05T16:00:00Z,Bristol,Reporting Engine,Production,831,418,0.65,99.557,450,Healthy
EVT-0418,2026-09-05T16:00:00Z,Leeds,Payments API,Production,1046,284,0.15,99.886,300,Healthy
EVT-0419,2026-09-05T16:00:00Z,Leeds,Client Portal,Staging,726,378,0.61,99.582,350,Watch
EVT-0420,2026-09-05T16:00:00Z,Leeds,Reporting Engine,Production,741,427,0.44,99.637,450,Healthy
EVT-0421,2026-09-05T18:00:00Z,London,Payments API,Production,1151,205,1.16,99.308,300,Watch
EVT-0422,2026-09-05T18:00:00Z,London,Client Portal,Production,797,303,0.47,99.637,350,Healthy
EVT-0423,2026-09-05T18:00:00Z,London,Reporting Engine,Production,756,393,0.49,99.668,450,Healthy
EVT-0424,2026-09-05T18:00:00Z,Manchester,Payments API,Production,1046,248,0.3,99.777,300,Healthy
EVT-0425,2026-09-05T18:00:00Z,Manchester,Client Portal,Production,771,313,0.55,99.577,350,Healthy
EVT-0426,2026-09-05T18:00:00Z,Manchester,Reporting Engine,Production,884,423,0.36,99.693,450,Healthy
EVT-0427,2026-09-05T18:00:00Z,Bristol,Payments API,Staging,1250,276,0.67,99.604,300,Healthy
EVT-0428,2026-09-05T18:00:00Z,Bristol,Client Portal,Staging,760,354,1.12,99.429,350,Watch
EVT-0429,2026-09-05T18:00:00Z,Bristol,Reporting Engine,Production,562,314,0.87,99.456,450,Healthy
EVT-0430,2026-09-05T18:00:00Z,Leeds,Payments API,Production,1391,313,0.13,99.925,300,Watch
EVT-0431,2026-09-05T18:00:00Z,Leeds,Client Portal,Production,760,301,1.0,99.46,350,Watch
EVT-0432,2026-09-05T18:00:00Z,Leeds,Reporting Engine,Production,830,427,0.4,99.666,450,Healthy
EVT-0433,2026-09-06T08:00:00Z,London,Payments API,Production,1191,202,0.7,99.525,300,Healthy
EVT-0434,2026-09-06T08:00:00Z,London,Client Portal,Production,848,373,0.84,99.455,350,Watch
EVT-0435,2026-09-06T08:00:00Z,London,Reporting Engine,Staging,762,384,1.05,99.354,450,Watch
EVT-0436,2026-09-06T08:00:00Z,Manchester,Payments API,Production,1204,233,0.04,99.91,300,Healthy
EVT-0437,2026-09-06T08:00:00Z,Manchester,Client Portal,Production,894,337,0.96,99.407,350,Watch
EVT-0438,2026-09-06T08:00:00Z,Manchester,Reporting Engine,Production,783,391,0.62,99.543,450,Healthy
EVT-0439,2026-09-06T08:00:00Z,Bristol,Payments API,Production,1198,138,0.87,99.458,300,Healthy
EVT-0440,2026-09-06T08:00:00Z,Bristol,Client Portal,Production,833,346,0.02,99.92,350,Healthy
EVT-0441,2026-09-06T08:00:00Z,Bristol,Reporting Engine,Production,807,475,1.17,99.409,450,Watch
EVT-0442,2026-09-06T08:00:00Z,Leeds,Payments API,Staging,953,243,0.75,99.544,300,Healthy
EVT-0443,2026-09-06T08:00:00Z,Leeds,Client Portal,Production,562,256,0.77,99.626,350,Healthy
EVT-0444,2026-09-06T08:00:00Z,Leeds,Reporting Engine,Production,583,407,0.41,99.758,450,Healthy
EVT-0445,2026-09-06T10:00:00Z,London,Payments API,Production,1205,254,0.39,99.801,300,Healthy
EVT-0446,2026-09-06T10:00:00Z,London,Client Portal,Production,563,313,0.93,99.508,350,Watch
EVT-0447,2026-09-06T10:00:00Z,London,Reporting Engine,Production,843,383,0.57,99.674,450,Healthy
EVT-0448,2026-09-06T10:00:00Z,Manchester,Payments API,Production,1142,227,0.64,99.55,300,Healthy
EVT-0449,2026-09-06T10:00:00Z,Manchester,Client Portal,Staging,748,378,0.95,99.548,350,Watch
EVT-0450,2026-09-06T10:00:00Z,Manchester,Reporting Engine,Production,715,469,0.8,99.562,450,Watch
EVT-0451,2026-09-06T10:00:00Z,Bristol,Payments API,Production,1207,242,0.55,99.64,300,Healthy
EVT-0452,2026-09-06T10:00:00Z,Bristol,Client Portal,Production,809,364,0.94,99.522,350,Watch
EVT-0453,2026-09-06T10:00:00Z,Bristol,Reporting Engine,Staging,998,409,0.9,99.535,450,Watch
EVT-0454,2026-09-06T10:00:00Z,Leeds,Payments API,Staging,1509,207,0.02,99.966,300,Healthy
EVT-0455,2026-09-06T10:00:00Z,Leeds,Client Portal,Production,741,343,0.48,99.61,350,Healthy
EVT-0456,2026-09-06T10:00:00Z,Leeds,Reporting Engine,Production,709,532,0.45,99.694,450,Watch
EVT-0457,2026-09-06T12:00:00Z,London,Payments API,Production,1433,226,0.43,99.705,300,Healthy
EVT-0458,2026-09-06T12:00:00Z,London,Client Portal,Production,519,369,0.66,99.604,350,Watch
EVT-0459,2026-09-06T12:00:00Z,London,Reporting Engine,Staging,847,396,0.55,99.628,450,Healthy
EVT-0460,2026-09-06T12:00:00Z,Manchester,Payments API,Staging,1252,334,0.24,99.802,300,Watch
EVT-0461,2026-09-06T12:00:00Z,Manchester,Client Portal,Production,1044,393,0.68,99.681,350,Watch
EVT-0462,2026-09-06T12:00:00Z,Manchester,Reporting Engine,Staging,599,422,0.84,99.531,450,Healthy
EVT-0463,2026-09-06T12:00:00Z,Bristol,Payments API,Staging,989,310,0.63,99.555,300,Watch
EVT-0464,2026-09-06T12:00:00Z,Bristol,Client Portal,Production,731,359,0.7,99.547,350,Watch
EVT-0465,2026-09-06T12:00:00Z,Bristol,Reporting Engine,Production,985,470,1.68,99.122,450,Critical
EVT-0466,2026-09-06T12:00:00Z,Leeds,Payments API,Production,1208,350,0.02,99.914,300,Watch
EVT-0467,2026-09-06T12:00:00Z,Leeds,Client Portal,Production,995,382,0.38,99.725,350,Watch
EVT-0468,2026-09-06T12:00:00Z,Leeds,Reporting Engine,Production,540,488,1.15,99.377,450,Watch
EVT-0469,2026-09-06T14:00:00Z,London,Payments API,Production,1233,279,0.81,99.462,300,Healthy
EVT-0470,2026-09-06T14:00:00Z,London,Client Portal,Production,873,384,0.74,99.611,350,Watch
EVT-0471,2026-09-06T14:00:00Z,London,Reporting Engine,Production,979,479,0.46,99.668,450,Watch
EVT-0472,2026-09-06T14:00:00Z,Manchester,Payments API,Production,1098,327,1.1,99.484,300,Watch
EVT-0473,2026-09-06T14:00:00Z,Manchester,Client Portal,Staging,563,350,1.27,99.385,350,Watch
EVT-0474,2026-09-06T14:00:00Z,Manchester,Reporting Engine,Production,903,611,1.15,99.31,450,Watch
EVT-0475,2026-09-06T14:00:00Z,Bristol,Payments API,Production,1265,306,0.33,99.846,300,Watch
EVT-0476,2026-09-06T14:00:00Z,Bristol,Client Portal,Production,858,363,1.21,99.386,350,Watch
EVT-0477,2026-09-06T14:00:00Z,Bristol,Reporting Engine,Production,1069,531,0.84,99.604,450,Watch
EVT-0478,2026-09-06T14:00:00Z,Leeds,Payments API,Staging,1262,300,0.81,99.553,300,Healthy
EVT-0479,2026-09-06T14:00:00Z,Leeds,Client Portal,Production,612,421,0.52,99.656,350,Watch
EVT-0480,2026-09-06T14:00:00Z,Leeds,Reporting Engine,Production,579,448,1.31,99.299,450,Critical
EVT-0481,2026-09-06T16:00:00Z,London,Payments API,Staging,1054,205,0.45,99.773,300,Healthy
EVT-0482,2026-09-06T16:00:00Z,London,Client Portal,Production,741,273,0.99,99.43,350,Watch
EVT-0483,2026-09-06T16:00:00Z,London,Reporting Engine,Production,828,374,0.65,99.593,450,Healthy
EVT-0484,2026-09-06T16:00:00Z,Manchester,Payments API,Production,728,269,0.02,99.891,300,Healthy
EVT-0485,2026-09-06T16:00:00Z,Manchester,Client Portal,Production,901,345,0.7,99.62,350,Healthy
EVT-0486,2026-09-06T16:00:00Z,Manchester,Reporting Engine,Production,996,435,1.24,99.269,450,Watch
EVT-0487,2026-09-06T16:00:00Z,Bristol,Payments API,Production,1209,192,0.02,99.903,300,Healthy
EVT-0488,2026-09-06T16:00:00Z,Bristol,Client Portal,Production,1079,374,0.9,99.542,350,Watch
EVT-0489,2026-09-06T16:00:00Z,Bristol,Reporting Engine,Production,754,413,0.29,99.732,450,Healthy
EVT-0490,2026-09-06T16:00:00Z,Leeds,Payments API,Production,1267,265,0.65,99.568,300,Healthy
EVT-0491,2026-09-06T16:00:00Z,Leeds,Client Portal,Staging,1029,259,1.29,99.321,350,Watch
EVT-0492,2026-09-06T16:00:00Z,Leeds,Reporting Engine,Staging,1051,444,1.16,99.343,450,Watch
EVT-0493,2026-09-06T18:00:00Z,London,Payments API,Production,1199,264,0.21,99.826,300,Healthy
EVT-0494,2026-09-06T18:00:00Z,London,Client Portal,Staging,801,352,0.57,99.598,350,Watch
EVT-0495,2026-09-06T18:00:00Z,London,Reporting Engine,Production,1009,353,0.67,99.673,450,Healthy
EVT-0496,2026-09-06T18:00:00Z,Manchester,Payments API,Production,1217,230,0.66,99.64,300,Healthy
EVT-0497,2026-09-06T18:00:00Z,Manchester,Client Portal,Production,742,281,0.72,99.628,350,Healthy
EVT-0498,2026-09-06T18:00:00Z,Manchester,Reporting Engine,Staging,1050,394,0.76,99.641,450,Healthy
EVT-0499,2026-09-06T18:00:00Z,Bristol,Payments API,Staging,807,282,1.19,99.442,300,Watch
EVT-0500,2026-09-06T18:00:00Z,Bristol,Client Portal,Staging,781,326,1.3,99.266,350,Critical
EVT-0501,2026-09-06T18:00:00Z,Bristol,Reporting Engine,Production,593,417,0.58,99.664,450,Healthy
EVT-0502,2026-09-06T18:00:00Z,Leeds,Payments API,Production,952,228,0.06,99.956,300,Healthy
EVT-0503,2026-09-06T18:00:00Z,Leeds,Client Portal,Production,1196,296,0.27,99.82,350,Healthy
EVT-0504,2026-09-06T18:00:00Z,Leeds,Reporting Engine,Production,824,506,0.29,99.738,450,Watch
